{
    "rmse": 0.6967354591707584,
    "mae": 0.5420978491712148,
    "r2": 0.18903212727181407
}