{
    "rmse": 0.6693567359408426,
    "mae": 0.5360269016074233,
    "r2": 0.2659920708561946
}