{
    "rmse": 0.6832687431976667,
    "mae": 0.5279315706085276,
    "r2": 0.28444992318354034
}