{
    "rmse": 0.6989345091701752,
    "mae": 0.5541151932643652,
    "r2": 0.24914010435143918
}