{
    "rmse": 0.663418197013284,
    "mae": 0.5289524549271958,
    "r2": 0.260909616384124
}